<?xml version="1.0" encoding="utf-8"?>
<transcript>
  <text start="1.00" dur="4.00">Subtitles by DramaFever</text>
  <text start="30.15" dur="2.07">Hello, I'm actor Hong Soo Hyun.</text>
  <text start="32.22" dur="3.93">I've been living with my parents for 34 years.</text>
  <text start="36.15" dur="3.14">Until several days ago, I am now living with new family members.</text>
  <text start="40.25" dur="1.95">I'm half worried, half excited?</text>
  <text start="43.06" dur="4.02">How would you feel if you had to live with strangers one day?</text>
  <text start="49.29" dur="1.94">First meeting.</text>
  <text start="52.20" dur="2.06">That moment of nervousness.</text>
  <text start="57.02" dur="2.11">I'm meeting you for the first time without any makeup on.</text>
  <text start="59.13" dur="1.09">The awkwardness was just for a moment </text>
  <text start="60.22" dur="2.07">and it seemed like welcoming each other was a lot bigger.</text>
  <text start="66.03" dur="2.00">With 11 different personalities and occupations</text>
  <text start="68.04" dur="2.15">I'm sure it can't be easy living together under one roof, right?</text>
  <text start="72.10" dur="2.01">Chan Yeol ate all of the pepper fried rice that Mama Shin</text>
  <text start="74.11" dur="3.04">made even though he couldn't eat spicy foods.</text>
  <text start="77.15" dur="3.07">I think I've moved up a level and matured.</text>
  <text start="81.18" dur="4.97">Mama Shin even shaved off his mustache that he grew for 5 years by Bom's suggestion.</text>
  <text start="89.12" dur="5.00">So Ra who is a very light sleeper couldn't say a word to the loud people at night.</text>
  <text start="95.13" dur="4.93">Besides being worried, I had something in common with my roommate Nana.</text>
  <text start="103.03" dur="3.10">And thanks to Dong Wook, Kang Joon was able to get a smart phone.</text>
  <text start="107.27" dur="4.79">We're slowly starting to get to know one another by being considerate and understanding.</text>
  <text start="113.26" dur="2.98">The first time the roommates are spending time together on a Sunday afternoon.</text>
  <text start="116.24" dur="3.92">We've all decided to spend time with our own roommates today.</text>
  <text start="120.16" dur="2.90">[So Ra, Bom, and Ga Yeon go shopping together!]</text>
  <text start="123.06" dur="3.09">Which roommates do you think get along the best with one another?</text>
  <text start="126.15" dur="2.11">[Sung Woo and Chan Yeol are making a flat bench!]</text>
  <text start="130.21" dur="3.81">[Nana is teaching Soo Hyun how to dance the 'Catalina'!]</text>
  <text start="135.17" dur="2.95">[Dong Wook and Se Ho is taking up a lip-sync challenge!]</text>
  <text start="139.18" dur="1.09">[Min Woo and Kang Joon trying to find something in common!]</text>
  <text start="140.27" dur="4.77">We are trying to mature and share our lives together by home sharing.</text>
  <text start="145.22" dur="3.86">You're curious about what will happen today, right?</text>
  <text start="151.07" dur="3.20">[Episode 3] [Love is an open door]</text>
  <text start="154.27" dur="2.01">Come here.</text>
  <text start="158.14" dur="3.95">It's late at night and there are two men who can't sleep.</text>
  <text start="164.21" dur="1.91">Reporter Jo Se Ho.</text>
  <text start="166.12" dur="3.97">- Yes, I'm Jo Se Ho. - I think it's time to get going.</text>
  <text start="170.09" dur="3.04">Lee Dong Wook is going out to the scene.</text>
  <text start="175.27" dur="1.93">This late at night.</text>
  <text start="178.13" dur="1.98">Right now the time is...</text>
  <text start="180.11" dur="3.93">- The time now. - The time now is 2:30 a.m.</text>
  <text start="185.28" dur="6.77">It's 2:30 a.m. and Park Bom is still not home yet.</text>
  <text start="192.05" dur="5.14">What is she doing right now? We are going to go and meet her personally.</text>
  <text start="197.19" dur="3.83">Lee Dong Wonk will be going to the scene for an interview. He is going now.</text>
  <text start="201.02" dur="1.22">- I'm going. - Move out.</text>
  <text start="207.01" dur="2.11">You're going to start recording now?</text>
  <text start="215.14" dur="1.91">It's kind of cold.</text>

  <text start="494.04" dur="3.21">I'm going nuts. I think I'm going to have to accept royalty fees for this mist.</text>

</transcript>
